<?xml version="1.0" encoding="UTF-8" standalone="no"?>

<SoftwareLegalInformation>
    
  <OutputDateTime>2025-06-22T19:44:35.457Z</OutputDateTime>
    
  <CopyrightNotations>
        
    <TechnologyName>NintendoSDK_libcurl</TechnologyName>
        
    <TechnologyName>NintendoSDK_movie</TechnologyName>
        
    <TechnologyName>NintendoSDK_OpenSSL_For_NintendoSDK</TechnologyName>
      
  </CopyrightNotations>
    
  <DeclarationRequiredNotations>
        
    <TechnologyName>Unity</TechnologyName>
        
    <TechnologyName>NintendoWare_Bezel_Engine-2_v0-</TechnologyName>
        
    <TechnologyName>NintendoWare_Bezel_Engine-1_</TechnologyName>
        
    <TechnologyName>NintendoWare_Bezel_Engine-1_</TechnologyName>
        
    <TechnologyName>NintendoWare_Bezel_Engine-1_</TechnologyName>
        
    <TechnologyName>NintendoWare_Meshoptimizer_For_MeshCodec</TechnologyName>
        
    <TechnologyName>NintendoWare_Zstandard_For_MeshCodec</TechnologyName>
        
    <TechnologyName>SMAA_For_NDSR</TechnologyName>
        
    <TechnologyName>NEX</TechnologyName>
        
    <TechnologyName>NEX</TechnologyName>
        
    <TechnologyName>Breakpad</TechnologyName>
        
    <TechnologyName>Capstone</TechnologyName>
        
    <TechnologyName>glew</TechnologyName>
        
    <TechnologyName>NintendoSDK_imnodes</TechnologyName>
        
    <TechnologyName>NintendoSDK_implot</TechnologyName>
        
    <TechnologyName>NintendoSDK_libcurl</TechnologyName>
        
    <TechnologyName>NintendoSDK_movie</TechnologyName>
        
    <TechnologyName>NintendoSDK_OpenSSL_For_NintendoSDK</TechnologyName>
        
    <TechnologyName>NintendoSDK_Vulkan</TechnologyName>
        
    <TechnologyName>nlib_LZ4</TechnologyName>
        
    <TechnologyName>nlib_bsdiff</TechnologyName>
        
    <TechnologyName>NintendoSDK_Google_APIs_For_NPLN</TechnologyName>
        
    <TechnologyName>NintendoSDK_gRPC_For_NPLN</TechnologyName>
        
    <TechnologyName>NintendoSDK_ngtcp2_For_NPLN</TechnologyName>
        
    <TechnologyName>NintendoSDK_OpenSSL_For_NPLN</TechnologyName>
        
    <TechnologyName>NintendoSDK_raft_For_NPLN</TechnologyName>
        
    <TechnologyName>NintendoSDK_WebRTC_For_NPLN</TechnologyName>
        
    <TechnologyName>Pia_ZStandard</TechnologyName>
        
    <TechnologyName>RTXGI SDK</TechnologyName>
        
    <TechnologyName>SkiaGraphicsLibrary</TechnologyName>
        
    <TechnologyName>Wslay</TechnologyName>
      
  </DeclarationRequiredNotations>
    
  <ProductRegions>
        
    <Usa>true</Usa>
        
    <Japan>true</Japan>
        
    <Europe>true</Europe>
        
    <Asia>true</Asia>
        
    <China>false</China>
      
  </ProductRegions>
    
  <FormatVersion>2.0.0</FormatVersion>
    
  <ApplicationId>0x0100c8201aa36000</ApplicationId>
    
  <Platform>NX</Platform>
    
  <DataHash>b500450f0206fa13be94d85fff73c1ed</DataHash>
  
</SoftwareLegalInformation>
